client_id,Delinquent90
75000,0.9507679360403956
75001,0.04923206395960446
